47.88.95.39,80,阿里云国际圣克拉拉 电信163
47.251.39.150,80,阿里云国际圣克拉拉 电信163
47.251.48.237,80,阿里云国际圣克拉拉 电信163
47.254.26.79,80,阿里云国际圣克拉拉 电信163
47.89.228.214,80,阿里云国际圣克拉拉 电信163
47.254.33.165,80,阿里云国际圣克拉拉 电信163
198.11.174.84,80,阿里云国际圣克拉拉 电信163
47.88.9.252,80,阿里云国际圣克拉拉 电信163
47.88.3.123,80,阿里云国际圣克拉拉 电信163
47.88.3.189,80,阿里云国际圣克拉拉 电信163
47.251.46.169,80,阿里云国际圣克拉拉 电信163
47.251.45.93,80,阿里云国际圣克拉拉 电信163
47.88.104.135,80,阿里云国际圣克拉拉 电信163
47.88.87.37,80,阿里云国际圣克拉拉 电信163
47.89.234.150,80,阿里云国际圣克拉拉 电信163
47.251.15.223,80,阿里云国际圣克拉拉 电信163
47.254.31.61,80,阿里云国际圣克拉拉 电信163
198.11.176.163,80,阿里云国际圣克拉拉 电信163
47.88.9.61,80,阿里云国际圣克拉拉 电信163
47.88.52.220,80,阿里云国际圣克拉拉 电信163
47.254.75.7,80,阿里云国际圣克拉拉 电信163
47.88.8.123,80,阿里云国际圣克拉拉 电信163
